INDICATOR_CODE,DIAGNOSIS_GROUP,AIC_FULL,SCHWARTZ_FULL,NEG2LOGL_FULL,AIC_INTERCEPT,SCHWARTZ_INTERCEPT,NEG2LOGL_INTERCEPT,LIKELIHOOD_RATIO_CHI_SQUARE,LIKELIHOOD_RATIO_DF,LIKELIHOOD_RATIO_P_VALUE,SCORE_CHI_SQUARE,SCORE_DF,SCORE_P_VALUE,WALD_CHI_SQUARE,WALD_DF,WALD_P_VALUE,PERCENT_CONCORDANT,PERCENT_DISCORDANT,PERCENT_TIED,PAIRS,SOMERS_D,GAMMA,TAU_A,C
I00699,1,1308.342,1548.8211,1234.342,1578.203,1584.7025,1576.203,341.8611,36,0,418.5983,36,0,240.7224,36,0,85.7646,14.2108,0.0246,874495,0.7155,0.7157,0.0519,0.8578
I00699,2,301594.6542,301990.3888,301520.6542,332732.5541,332743.2496,332730.5541,31209.8999,36,0,27255.3859,36,0,20251.6676,36,0,70.4673,29.443,0.0897,17472262808,0.4102,0.4106,0.1347,0.7051
I00699,3,7470.5395,7759.0764,7396.5395,8553.7098,8561.5081,8551.7098,1155.1702,36,0,1027.7658,36,0,572.3111,36,0,77.4693,22.4576,0.0731,19380950,0.5501,0.5505,0.0658,0.7751
I00699,4,3059.3079,3328.3441,2985.3079,3500.8353,3508.1066,3498.8353,513.5274,36,0,488.7978,36,0,285.7487,36,0,80.3825,19.5847,0.0328,4228596,0.608,0.6082,0.0455,0.804
I00699,5,441.5898,552.2566,405.5898,507.9181,514.0663,505.9181,100.3283,17,0,91.9937,17,0,52.6687,17,0,86.9983,12.3949,0.6068,163632,0.746,0.7506,0.0204,0.873
I00699,6,15429.1664,15823.2934,15355.1664,25167.9066,25178.5587,25165.9066,9810.7402,36,0,25491.1079,36,0,3234.166,36,0,96.4454,3.5438,0.0109,650732652,0.929,0.9291,0.0124,0.9645
I00699,7,12153.7229,12468.3637,12079.7229,16449.2099,16457.7137,16447.2099,4367.487,36,0,4854.9421,36,0,2695.8024,36,0,87.0747,12.9018,0.0236,74364165,0.7417,0.7419,0.083,0.8709
I00699,8,18949.7781,19216.4692,18883.7781,22795.507,22803.5886,22793.507,3909.7289,32,0,3344.2468,32,0,2546.9361,32,0,78.1212,21.8262,0.0526,85625001,0.563,0.5632,0.1688,0.7815
I00699,9,11782.126,12049.8314,11712.126,14739.6133,14747.262,14737.6133,3025.4872,34,0,2608.6612,34,0,1832.7707,34,0,80.4888,19.4677,0.0436,35871601,0.6102,0.6105,0.1822,0.8051
I00699,10,29303.296,29632.6184,29231.296,40805.2401,40814.3879,40803.2401,11571.944,35,0,11301.65,35,0,6335.9137,35,0,87.2356,12.7366,0.0278,379967193,0.745,0.7452,0.1175,0.8725
I00699,11,15043.3028,15329.3522,14977.3028,21861.6937,21870.3619,21859.6937,6882.3909,32,0,7289.0052,32,0,3767.8992,32,0,88.9704,11.0061,0.0235,120636920,0.7796,0.7798,0.1019,0.8898
I00699,12,14757.1154,15050.4599,14683.1154,19623.5932,19631.5215,19621.5932,4938.4779,36,0,4337.1546,36,0,2734.5304,36,0,83.1723,16.7872,0.0404,63308844,0.6639,0.6641,0.2,0.8319
I00699,13,23705.5202,23998.0976,23633.5202,28818.5065,28826.6337,28816.5065,5182.9864,35,0,4346.1004,35,0,3315.349,35,0,77.8306,22.1142,0.0552,121229850,0.5572,0.5575,0.2159,0.7786
I00699,14,9550.5963,9829.3816,9476.5963,12098.0822,12105.6169,12096.0822,2619.4859,36,0,2328.668,36,0,1571.4483,36,0,81.8439,18.1169,0.0392,25524327,0.6373,0.6375,0.17,0.8186
I00699,15,60733.0151,61072.9485,60659.0151,78188.9343,78198.1217,78186.9343,17527.9192,36,0,14156.8154,36,0,8734.4589,36,0,80.1122,19.8301,0.0577,928402320,0.6028,0.6032,0.2146,0.8014
I00699,16,3504.7539,3725.9005,3436.7539,4349.8424,4356.3467,4347.8424,911.0884,33,0,789.5083,33,0,523.5066,33,0,81.3119,18.6285,0.0596,3282048,0.6268,0.6272,0.1689,0.8134
I00699,17,5153.3206,5451.4638,5079.3206,8246.4373,8254.4952,8244.4373,3165.1167,36,0,3911.8757,36,0,1477.5834,36,0,92.8397,7.143,0.0174,22297316,0.857,0.8571,0.0702,0.9285
I00699,18,13988.0681,14315.0297,13918.0681,26627.9238,26637.2656,26625.9238,12707.8557,34,0,18206.4345,34,0,4183.9186,34,0,95.3147,4.6628,0.0225,252401380,0.9065,0.9067,0.0644,0.9533
I00699,19,4754.1794,5020.1206,4688.1794,8733.1845,8741.2433,8731.1845,4043.0051,32,0,5859.2389,32,0,1703.9719,32,0,94.4956,5.4802,0.0242,23999868,0.8902,0.8904,0.0783,0.9451
I00699,20,4323.3686,4596.4544,4253.3686,6658.6988,6666.5013,6656.6988,2403.3302,34,0,2781.3968,34,0,1155.1021,34,0,92.1411,7.8354,0.0234,14102237,0.8431,0.8433,0.0728,0.9215
I00699,21,9543.9043,9829.0668,9471.9043,13155.0606,13162.9818,13153.0606,3681.1563,35,0,3509.9655,35,0,1973.4929,35,0,86.6969,13.2418,0.0612,36991780,0.7346,0.735,0.1311,0.8673
I00699,22,15800.6801,16134.6642,15726.6801,26240.0895,26249.1161,26238.0895,10511.4094,36,0,11339.7792,36,0,2949.4219,36,0,92.7199,7.2256,0.0544,196952220,0.8549,0.8554,0.0891,0.9275
I00699,23,13985.8832,14326.3002,13911.8832,22823.8019,22833.0023,22821.8019,8909.9187,36,0,13560.6961,36,0,4993.5091,36,0,92.5236,7.4543,0.0221,187201395,0.8507,0.8509,0.0595,0.9253
I00699,24,9018.5904,9327.3814,8944.5904,13745.2427,13753.5884,13743.2427,4798.6523,36,0,5295.1839,36,0,2210.9553,36,0,90.9684,9.0063,0.0253,52726350,0.8196,0.8198,0.0892,0.9098
I00699,25,13357.2765,13658.0003,13283.2765,16040.6688,16048.7965,16038.6688,2755.3923,36,0,2535.7982,36,0,1665.1966,36,0,79.9864,19.9902,0.0234,55311200,0.6,0.6001,0.106,0.8
I00699,26,1042.3832,1295.6916,970.3832,1586.5084,1593.5448,1584.5084,614.1252,35,0,1076.6567,35,0,354.1092,35,0,94.3369,5.6556,0.0074,1318880,0.8868,0.8869,0.0331,0.9434
I00699,27,27206.2078,27545.6658,27132.2078,32525.9521,32535.1266,32523.9521,5391.7442,36,0,5275.7052,36,0,3810.1262,36,0,80.8405,19.1381,0.0214,288504395,0.617,0.6172,0.0701,0.8085
I00699,28,12037.952,12316.7739,11971.952,14883.7627,14892.2119,14881.7627,2909.8107,32,0,2991.1118,32,0,1930.8579,32,0,83.3962,16.5767,0.0271,62889050,0.6682,0.6684,0.0706,0.8341
I00699,29,3698.2629,3957.8424,3624.2629,5505.2582,5512.2739,5503.2582,1878.9953,36,0,1731.6586,36,0,852.0584,36,0,89.4268,10.5539,0.0193,6326034,0.7887,0.7889,0.1473,0.8944
I00699,30,96451.9389,96813.3193,96377.9389,111209.9065,111219.6735,111207.9065,14829.9676,36,0,12259.2781,36,0,8618.7645,36,0,74.2996,25.6314,0.0691,2177127867,0.4867,0.487,0.1275,0.7433
I00699,31,21367.351,21695.2767,21293.351,36689.8197,36698.6826,36687.8197,15394.4687,36,0,14901.7889,36,0,5512.9796,36,0,91.9447,8.0321,0.0232,271760640,0.8391,0.8393,0.1674,0.9196
I00699,32,8429.2065,8761.4826,8355.2065,11199.586,11208.5664,11197.586,2842.3795,36,0,3580.5025,36,0,1819.261,36,0,89.3551,10.6306,0.0143,65295720,0.7872,0.7874,0.0298,0.8936
I00699,33,3886.2585,4247.5689,3812.2585,5280.8423,5290.6074,5278.8423,1466.5838,36,0,3024.8717,36,0,1166.0357,36,0,92.3781,7.61,0.0119,49780400,0.8477,0.8478,0.0051,0.9238
I00699,34,5602.5672,5934.5465,5528.5672,6750.2081,6759.1805,6748.2081,1219.641,36,0,1468.6734,36,0,589.7821,36,0,86.5918,13.3686,0.0396,34986266,0.7322,0.7325,0.0151,0.8661
I00699,35,22249.3796,22602.3314,22175.3796,27432.2553,27441.7946,27430.2553,5254.8757,36,0,6519.2442,36,0,3218.9167,36,0,84.8368,15.1237,0.0395,303442520,0.6971,0.6974,0.0401,0.8486
I00699,36,16333.9578,16683.7001,16259.9578,20050.9204,20060.3729,20048.9204,3788.9626,36,0,3905.6569,36,0,1544.2436,36,0,85.178,14.7807,0.0413,192376140,0.704,0.7043,0.0306,0.852
I00699,37,73415.3256,73786.6989,73341.3256,79479.4709,79489.5081,79477.4709,6136.1453,36,0,5731.5738,36,0,4579.5129,36,0,71.5427,28.3681,0.0892,1685310740,0.4317,0.4321,0.051,0.7159
I00699,38,28559.4728,28918.2734,28485.4728,35248.3939,35258.0912,35246.3939,6760.921,36,0,6861.3619,36,0,3382.8783,36,0,84.3902,15.573,0.0368,467573175,0.6882,0.6884,0.0445,0.8441
I00699,39,48055.2613,48435.1113,47981.2613,53101.9349,53112.2011,53099.9349,5118.6736,36,0,4415.7001,36,0,3002.045,36,0,75.3578,24.5763,0.0658,1195256205,0.5078,0.5081,0.0269,0.7539
I00699,40,2442.6216,2727.518,2368.6216,2857.8841,2865.584,2855.8841,487.2625,36,0,554.985,36,0,215.7627,36,0,84.4587,15.4919,0.0494,4537339,0.6897,0.69,0.0235,0.8448
I00699,41,5833.1476,6175.8263,5759.1476,7858.4664,7867.7279,7856.4664,2097.3188,36,0,3545.9698,36,0,1370.0758,36,0,91.3321,8.6549,0.0131,52883740,0.8268,0.8269,0.0145,0.9134
I00699,42,80259.7808,80619.0112,80185.7808,82511.0367,82520.7456,82509.0367,2323.2559,36,0,2064.5913,36,0,1759.0838,36,0,61.9301,37.9011,0.1689,1408182590,0.2403,0.2407,0.0457,0.6201
I00699,43,13235.1625,13613.0423,13161.1625,14289.3675,14299.5805,14287.3675,1126.205,36,0,1317.7711,36,0,838.8026,36,0,76.3356,23.6184,0.046,232458903,0.5272,0.5274,0.006,0.7636
I00699,44,11932.771,12259.5895,11858.771,12754.3037,12763.1367,12752.3037,893.5327,36,0,804.6926,36,0,574.2359,36,0,71.7571,28.1545,0.0884,68583840,0.436,0.4364,0.0233,0.718
I00699,45,1335.2025,1641.9554,1261.2025,1529.1908,1537.4814,1527.1908,265.9883,36,0,344.0237,36,0,136.4597,36,0,88.2886,11.6832,0.0282,3432546,0.7661,0.7663,0.0061,0.883
I00699,46,7545.8291,7847.7702,7471.8291,9672.256,9680.4166,9670.256,2198.4269,36,0,2982.1538,36,0,1568.2873,36,0,86.0706,13.9078,0.0215,29431310,0.7216,0.7218,0.0635,0.8608
I00699,47,7622.7149,7883.1271,7554.7149,8171.4624,8179.1216,8169.4624,614.7475,33,0,480.1305,33,0,316.0376,33,0,69.8948,30.0008,0.1045,16558500,0.3989,0.3994,0.0538,0.6995
I00699,48,12754.9773,13074.2836,12680.9773,14886.4162,14895.0461,14884.4162,2203.4389,36,0,1972.1022,36,0,1306.1409,36,0,80.2867,19.6874,0.0259,71686020,0.606,0.6062,0.0508,0.803
I00699,49,3062.2495,3353.6011,2988.2495,3665.9474,3673.8218,3663.9474,675.6979,36,0,846.0547,36,0,376.3802,36,0,85.4339,14.5319,0.0342,7050720,0.709,0.7093,0.0265,0.8545
I00699,50,24563.3204,24942.9357,24489.3204,30765.6003,30775.8602,30763.6003,6274.2799,36,0,9122.6082,36,0,3901.2352,36,0,87.4811,12.4891,0.0298,606933324,0.7499,0.7501,0.0204,0.875
I00699,51,14365.9877,14650.0168,14291.9877,15374.74,15382.4165,15372.74,1080.7523,36,0,975.6115,36,0,861.086,36,0,68.5207,31.4404,0.0388,38664705,0.3708,0.3709,0.1129,0.6854
I00699,52,11879.072,12295.2309,11805.072,14069.0037,14080.2512,14067.0037,2261.9317,36,0,3972.2062,36,0,1762.738,36,0,88.4217,11.5564,0.022,538566392,0.7687,0.7688,0.0026,0.8843
I00699,53,26497.191,26877.8459,26423.191,31153.7682,31164.0562,31151.7682,4728.5772,36,0,5135.3196,36,0,2817.4013,36,0,83.7123,16.2579,0.0298,629961634,0.6745,0.6747,0.018,0.8373
I00699,54,16508.0953,16842.0294,16434.0953,18085.6456,18094.6709,18083.6456,1649.5503,36,0,1568.262,36,0,1250.9242,36,0,74.9492,24.9961,0.0546,122651646,0.4995,0.4998,0.0325,0.7498
I00699,55,12416.4413,12740.2563,12342.4413,14216.0821,14224.8339,14214.0821,1871.6409,36,0,2055.1285,36,0,1437.0714,36,0,79.2578,20.7065,0.0357,73961511,0.5855,0.5857,0.0397,0.7928
I00699,56,8890.6502,9235.7191,8816.6502,11107.7377,11117.0639,11105.7377,2289.0875,36,0,2758.0218,36,0,1559.72,36,0,87.7041,12.2571,0.0387,84555888,0.7545,0.7548,0.0185,0.8772
I00699,57,107922.7736,108286.407,107852.7736,120734.8123,120745.2018,120732.8123,12880.0387,34,0,14158.931,34,0,11165.3082,34,0,75.1542,24.7794,0.0664,3712333975,0.5037,0.5041,0.0648,0.7519
I00699,58,32469.3852,32856.1939,32395.3852,35477.3544,35487.8087,35475.3544,3079.9692,36,0,3505.9074,36,0,2678.7055,36,0,76.3694,23.5741,0.0564,840549050,0.528,0.5283,0.0135,0.764
I00699,59,14725.1001,15148.8064,14651.1001,16824.2071,16835.6587,16822.2071,2171.1071,36,0,3457.4648,36,0,1824.6728,36,0,85.255,14.7143,0.0307,786729510,0.7054,0.7056,0.0023,0.8527
I00699,60,40042.8875,40396.7702,39968.8875,44366.4044,44375.9688,44364.4044,4395.5169,36,0,4360.3902,36,0,3373.4049,36,0,74.8099,25.134,0.0561,568180656,0.4968,0.497,0.0509,0.7484
I00699,61,2184.8227,2437.7201,2110.8227,2361.5043,2368.3394,2359.5043,248.6817,36,0,227.7778,36,0,168.2148,36,0,75.9857,23.9568,0.0574,1864404,0.5203,0.5206,0.0411,0.7601
I00699,62,10697.2621,11021.3139,10623.2621,12057.9599,12066.718,12055.9599,1432.6978,36,0,1387.4237,36,0,996.1129,36,0,78.5994,21.3117,0.0889,60446547,0.5729,0.5734,0.0313,0.7864
I00699,63,46615.4683,47017.9584,46541.4683,54501.2138,54512.0919,54499.2138,7957.7455,36,0,9465.2344,36,0,5596.3345,36,0,83.2755,16.6692,0.0552,1975193850,0.6661,0.6664,0.0172,0.833
I00699,64,17395.0246,17671.9025,17321.0246,18191.2985,18198.7816,18189.2985,868.2739,36,0,834.1744,36,0,771.8357,36,0,64.2582,35.6859,0.0559,43071480,0.2857,0.2859,0.1426,0.6429
I00699,65,184546.2373,184932.4803,184472.2373,192159.7917,192170.2307,192157.7917,7685.5544,36,0,7319.7949,36,0,6810.5271,36,0,64.5621,35.3254,0.1125,7064641465,0.2924,0.2927,0.0648,0.6462
I00699,66,240201.6399,240594.7958,240127.6399,257937.8783,257948.5041,257935.8783,17808.2383,36,0,18642.0159,36,0,16518.6455,36,0,68.9227,30.9983,0.0791,11848297916,0.3792,0.3795,0.097,0.6896
I00699,67,10132.3241,10476.9844,10058.3241,10725.3482,10734.6633,10723.3482,665.0241,36,0,680.8692,36,0,554.1618,36,0,72.7341,27.1897,0.0763,80334424,0.4554,0.4558,0.0109,0.7277
I00699,68,36946.2093,37279.9894,36872.2093,44307.9361,44316.9572,44305.9361,7433.7268,36,0,6889.7398,36,0,5020.9573,36,0,79.3347,20.6145,0.0508,388252984,0.5872,0.5875,0.1219,0.7936
I00699,69,21317.1794,21624.9177,21245.1794,26613.5508,26622.0991,26611.5508,5366.3714,35,0,5234.59,35,0,3500.0809,35,0,81.952,18.0124,0.0356,143617280,0.6394,0.6396,0.1264,0.8197
I00699,70,8345.3947,8634.0527,8271.3947,9875.861,9883.6625,9873.861,1602.4662,36,0,1521.5313,36,0,1113.4688,36,0,79.9695,19.9745,0.056,23403085,0.5999,0.6003,0.0861,0.8
I00699,71,27123.3895,27481.6828,27049.3895,28686.8868,28696.5704,28684.8868,1635.4973,36,0,1423.6029,36,0,1125.9876,36,0,69.8965,30.0093,0.0941,357634440,0.3989,0.3992,0.0203,0.6994
I00699,72,17983.4188,18348.6178,17909.4188,21356.9743,21366.8445,21354.9743,3445.5555,36,0,3840.0724,36,0,2068.5406,36,0,84.1618,15.8005,0.0377,286898868,0.6836,0.6839,0.0192,0.8418
I00699,73,494574.5833,494993.112,494500.5833,542492.0746,542503.3862,542490.0746,47989.4913,36,0,42002.0389,36,0,32137.5793,36,0,70.194,29.6996,0.1064,50453885700,0.4049,0.4054,0.1119,0.7025
I00699,74,76204.572,76605.4036,76130.572,98583.1997,98594.0329,98581.1997,22450.6277,36,0,25167.8841,36,0,8283.9175,36,0,87.0254,12.9217,0.0529,3963000200,0.741,0.7414,0.0419,0.8705
I00699,75,146624.2675,147021.9218,146550.2675,153661.1414,153671.8888,153659.1414,7108.8739,36,0,6891.4362,36,0,5962.6654,36,0,66.9275,32.9898,0.0827,6532719336,0.3394,0.3397,0.0375,0.6697
I00699,76,5856.4941,6222.6022,5782.4941,7187.4617,7197.3565,7185.4617,1402.9677,36,0,3089.7534,36,0,1190.201,36,0,88.6063,11.368,0.0257,79548200,0.7724,0.7726,0.0057,0.8862
I00699,77,88549.7194,88890.1232,88475.7194,95404.3221,95413.5222,95402.3221,6926.6027,36,0,6087.4129,36,0,4925.415,36,0,66.5886,33.2994,0.1119,1229298097,0.3329,0.3333,0.153,0.6664
I00699,78,39870.8649,40220.4395,39796.8649,46010.5223,46019.9702,46008.5223,6211.6574,36,0,5832.1297,36,0,3898.1251,36,0,77.8006,22.1495,0.0499,548005281,0.5565,0.5568,0.0695,0.7783
I00699,79,29008.4302,29315.1391,28934.4302,31147.9046,31156.1941,31145.9046,2211.4745,36,0,2078.1755,36,0,1818.5405,36,0,68.2182,31.7112,0.0706,149455339,0.3651,0.3653,0.1261,0.6825
I00699,80,3233.1373,3467.566,3159.1373,3604.8456,3611.1815,3602.8456,443.7083,36,0,411.3414,36,0,297.0861,36,0,74.6472,25.2891,0.0636,2282904,0.4936,0.4939,0.1296,0.7468
I00699,81,32339.4639,32693.97,32265.4639,39440.8112,39450.3924,39438.8112,7173.3473,36,0,6728.8017,36,0,3399.9741,36,0,82.861,17.107,0.032,494895430,0.6575,0.6578,0.0568,0.8288
I00699,82,36824.8215,37248.4337,36750.8215,49156.5166,49167.9655,49154.5166,12403.6951,36,0,20702.8402,36,0,6136.7553,36,0,92.1197,7.8572,0.0231,2752429154,0.8426,0.8428,0.0097,0.9213
I00699,83,46179.9006,46570.7752,46105.9006,57920.3851,57930.9493,57918.3851,11812.4845,36,0,13536.9096,36,0,4844.3807,36,0,86.5385,13.4215,0.04,1668948862,0.7312,0.7315,0.0298,0.8656
I00699,84,13851.0169,14206.2346,13777.0169,16395.7935,16405.394,16393.7935,2616.7767,36,0,3041.1636,36,0,1624.3642,36,0,84.2986,15.6762,0.0252,168370525,0.6862,0.6864,0.0194,0.8431
I00699,85,4837.8474,5117.2429,4763.8474,5788.7689,5796.3202,5786.7689,1022.9216,36,0,1110.7425,36,0,670.5645,36,0,82.3966,17.5697,0.0337,9833112,0.6483,0.6485,0.0645,0.8241
I00699,86,10610.9099,10962.4954,10536.9099,13204.9804,13214.4827,13202.9804,2666.0705,36,0,3535.6002,36,0,1571.7734,36,0,87.8621,12.1135,0.0244,119802268,0.7575,0.7577,0.0185,0.8787
I00699,87,18659.4866,19027.9275,18585.4866,24302.5217,24312.4795,24300.5217,5715.0351,36,0,7304.1237,36,0,3379.4216,36,0,89.2417,10.7347,0.0236,359655660,0.7851,0.7853,0.0232,0.8925
I00699,88,3823.9392,4164.8395,3749.9392,5071.1808,5080.3943,5069.1808,1319.2416,36,0,2823.1142,36,0,837.8033,36,0,92.141,7.8467,0.0123,30150253,0.8429,0.843,0.0093,0.9215
I00699,89,52605.4266,52959.7609,52531.4266,61680.2596,61689.8362,61678.2596,9146.8331,36,0,9418.5462,36,0,6717.9646,36,0,78.8307,21.1175,0.0518,877643514,0.5771,0.5774,0.0892,0.7886
I00699,90,20220.0756,20598.1647,20146.0756,26557.4813,26567.6999,26555.4813,6409.4056,36,0,8913.8792,36,0,3406.0096,36,0,90.3941,9.5799,0.0261,491371920,0.8081,0.8084,0.0194,0.9041
I00699,91,11595.1435,11963.2451,11521.1435,18221.5566,18231.5053,18219.5566,6698.4131,36,0,15630.2168,36,0,3507.9512,36,0,95.1558,4.8339,0.0103,251635650,0.9032,0.9033,0.019,0.9516
I00699,92,47067.8336,47464.7725,46993.8336,59102.9368,59113.6649,59100.9368,12107.1032,36,0,15651.8797,36,0,7588.3151,36,0,87.4154,12.5555,0.0291,1940629698,0.7486,0.7488,0.0256,0.8743
I00699,93,43621.2969,43923.41,43553.2969,45604.7026,45613.5883,45602.7026,2049.4057,33,0,1921.0197,33,0,1786.1075,33,0,65.1743,34.7535,0.0722,368539488,0.3042,0.3044,0.0786,0.6521
I00699,94,36575.5753,36919.542,36501.5753,40515.634,40524.9303,40513.634,4012.0587,36,0,3642.6508,36,0,2807.5731,36,0,74.0667,25.8839,0.0495,417671548,0.4818,0.4821,0.0621,0.7409
I00699,95,22744.3934,23100.6315,22670.3934,26579.5714,26589.1994,26577.5714,3907.178,36,0,5121.0492,36,0,3230.7475,36,0,81.3682,18.6033,0.0285,311866200,0.6276,0.6278,0.0311,0.8138
I00699,96,70018.3925,70391.8842,69944.3925,80184.8816,80194.976,80182.8816,10238.4891,36,0,9630.1494,36,0,6382.287,36,0,77.3588,22.579,0.0622,1775533837,0.5478,0.5481,0.0608,0.7739
I00699,97,6341.6405,6647.6896,6267.6405,6952.3994,6960.671,6950.3994,682.7589,36,0,622.2924,36,0,392.4986,36,0,75.7451,24.1877,0.0672,21085099,0.5156,0.5159,0.026,0.7578
I00699,98,60623.6548,61009.3217,60549.6548,72448.8759,72459.2993,72446.8759,11897.221,36,0,11487.0237,36,0,5414.0396,36,0,82.115,17.8397,0.0454,1983693010,0.6428,0.643,0.0413,0.8214
I00699,99,109438.2741,109805.9367,109364.2741,118276.807,118286.7438,118274.807,8910.5329,36,0,7993.7601,36,0,6544.7945,36,0,69.5511,30.3325,0.1164,2646338500,0.3922,0.3926,0.0889,0.6961
I00699,100,18257.9714,18621.2443,18183.9714,24199.397,24209.2152,24197.397,6013.4255,36,0,8954.16,36,0,3643.4643,36,0,89.4023,10.5777,0.02,321093201,0.7882,0.7884,0.0275,0.8941
I00699,101,132742.3091,133148.539,132668.3091,152668.278,152679.2572,152666.278,19997.9689,36,0,17779.9566,36,0,9201.3412,36,0,78.0554,21.8493,0.0953,7659928275,0.5621,0.5626,0.0459,0.781
I00699,102,17211.0978,17602.1014,17137.0978,22597.0484,22607.6161,22595.0484,5457.9506,36,0,7873.8719,36,0,3660.0259,36,0,90.9819,9,0.0182,534554752,0.8198,0.82,0.0106,0.9099
I00699,103,18002.975,18371.5984,17928.975,20513.7806,20523.7434,20511.7806,2582.8057,36,0,2663.1215,36,0,1556.8709,36,0,81.2483,18.6559,0.0958,293718840,0.6259,0.6265,0.015,0.813
I00699,104,5519.6606,5890.7672,5445.6606,6943.4377,6953.4676,6941.4377,1495.7771,36,0,2368.8584,36,0,890.9222,36,0,91.1824,8.7877,0.0299,85431535,0.8239,0.8242,0.005,0.912
I00699,105,4246.1319,4632.5791,4172.1319,6590.2764,6600.721,6588.2764,2416.1445,36,0,7108.9168,36,0,1379.0414,36,0,96.644,3.3442,0.0118,113779294,0.933,0.9331,0.0033,0.9665
I00699,106,2711.048,3181.6243,2639.048,2833.2865,2846.3581,2831.2865,192.2385,35,0,4883.3511,35,0,343.4362,35,0,74.1692,25.3463,0.4845,442437534,0.4882,0.4906,0,0.7441
I00699,107,49071.3013,49475.73,48997.3013,62390.881,62401.8115,62388.881,13391.5797,36,0,17304.8408,36,0,6836.1751,36,0,88.3308,11.6302,0.039,2426245855,0.767,0.7673,0.0219,0.8835
I00699,108,27075.302,27449.8504,27001.302,36183.3182,36193.4411,36181.3182,9180.0162,36,0,12022.6227,36,0,4362.6783,36,0,89.7799,10.1883,0.0318,666036243,0.7959,0.7962,0.0313,0.898
I00699,109,9277.6767,9599.1101,9203.6767,11742.7805,11751.4679,11740.7805,2537.1038,36,0,2868.3256,36,0,1368.2024,36,0,86.5048,13.4505,0.0446,55455975,0.7305,0.7309,0.0422,0.8653
I00699,110,18755.3735,19122.3236,18681.3735,21576.7494,21586.667,21574.7494,2893.3759,36,0,2882.5393,36,0,1551.1163,36,0,81.8658,18.0598,0.0744,301441682,0.6381,0.6385,0.0171,0.819
I00699,111,21761.1462,22153.8689,21687.1462,26739.2254,26749.8396,26737.2254,5050.0793,36,0,6370.5357,36,0,3017.7788,36,0,88.0887,11.8844,0.0269,678501865,0.762,0.7622,0.0114,0.881
I00699,112,11250.545,11552.6972,11176.545,12236.2955,12244.4618,12234.2955,1057.7505,36,0,901.9141,36,0,714.9926,36,0,72.1317,27.7744,0.0939,39945708,0.4436,0.444,0.0524,0.7218
I00699,113,71198.1683,71612.28,71124.1683,79500.9824,79512.1746,79498.9824,8374.8142,36,0,8346.5467,36,0,5397.6332,36,0,78.6408,21.2825,0.0767,3999425430,0.5736,0.574,0.016,0.7868
I00699,114,12841.4591,13243.9208,12767.4591,15707.2149,15718.0922,15705.2149,2937.7558,36,0,4833.3037,36,0,2462.3576,36,0,88.3483,11.6312,0.0205,448723100,0.7672,0.7673,0.0045,0.8836
I00699,115,3020.5699,3363.4645,2936.5699,3416.256,3424.4201,3414.256,477.6861,41,0,570.7388,41,0,388.5749,41,0,81.8628,18.05,0.0872,8102240,0.6381,0.6387,0.0153,0.8191
I00699,116,4166.71,4559.5169,4082.71,5365.8524,5375.2049,5363.8524,1281.1423,41,0,3436.6747,41,0,1109.4422,41,0,89.2514,10.6245,0.1242,36106056,0.7863,0.7872,0.0078,0.8931
I00699,117,12387.4966,12632.8049,12337.4966,18068.48,18078.2923,18066.48,5728.9834,24,0,11365.066,24,0,4156.1709,24,0,91.0835,8.7171,0.1994,223688133,0.8237,0.8253,0.0202,0.9118
I00699,118,4569.7254,4881.5398,4509.7254,5171.8725,5182.2663,5169.8725,660.1471,29,0,2208.7615,29,0,735.5843,29,0,79.9367,19.6052,0.458,82409004,0.6033,0.6061,0.0017,0.8017
I00699,119,9860.0443,10188.3618,9798.0443,12553.1585,12563.7494,12551.1585,2753.1142,30,0,10270.0797,30,0,,29,,86.3623,13.3161,0.3216,272141260,0.7305,0.7328,0.0046,0.8652
I00699,120,92854.7697,93230.3152,92780.7697,102902.9552,102913.1051,102900.9552,10120.1855,36,0,9218.6259,36,0,7452.5705,36,0,73.684,26.1523,0.1638,2549674440,0.4753,0.4761,0.0678,0.7377
I00699,121,18373.0051,18755.1862,18299.0051,24116.2366,24126.5659,24114.2366,5815.2316,36,0,8405.3799,36,0,2591.4829,36,0,90.8244,9.1342,0.0414,477290400,0.8169,0.8172,0.0152,0.9085
I00699,122,15284.9841,15657.9032,15210.9841,20648.5299,20658.6088,20646.5299,5435.5458,36,0,9171.9418,36,0,2912.0635,36,0,91.5872,8.3765,0.0362,324459086,0.8321,0.8324,0.0174,0.9161
I00699,123,55986.4427,56377.4151,55912.4427,68232.6145,68243.1813,68230.6145,12318.1718,36,0,13065.8601,36,0,5961.4136,36,0,84.3853,15.5517,0.063,2049101500,0.6883,0.6888,0.0343,0.8442
I00699,124,58881.4072,59227.8656,58807.4072,63582.5676,63591.9313,63580.5676,4773.1604,36,0,4621.2589,36,0,3874.8074,36,0,70.1057,29.8263,0.0681,789600448,0.4028,0.4031,0.0857,0.7014
I00699,125,12867.6933,13221.4115,12793.6933,15762.9321,15772.4921,15760.9321,2967.2388,36,0,4237.2542,36,0,2184.5972,36,0,86.0088,13.9589,0.0324,155481550,0.7205,0.7207,0.0204,0.8602
I00699,126,22211.4503,22577.4891,22137.4503,25933.1047,25942.9976,25931.1047,3793.6545,36,0,3655.7912,36,0,1588.2934,36,0,82.1522,17.761,0.0868,370337434,0.6439,0.6445,0.0223,0.822
I00699,127,10561.58,10924.1202,10487.58,14168.2428,14178.0412,14166.2428,3678.6628,36,0,5389.3935,36,0,1489.6546,36,0,91.5371,8.4215,0.0414,164864286,0.8312,0.8315,0.0155,0.9156
I00699,128,47203.4095,47591.6437,47129.4095,53138.2849,53148.7777,53136.2849,6006.8754,36,0,5725.2574,36,0,4074.0093,36,0,78.7802,21.1641,0.0557,1420737012,0.5762,0.5765,0.0231,0.7881
I00699,129,26846.1316,27229.3604,26772.1316,32710.3828,32720.7403,32708.3828,5936.2512,36,0,7775.0315,36,0,3886.15,36,0,86.1073,13.8617,0.031,705891842,0.7225,0.7227,0.0188,0.8612
I00699,130,43907.822,44292.6208,43833.822,49964.3871,49974.787,49962.3871,6128.5651,36,0,5483.6499,36,0,2515.3326,36,0,78.9026,20.9995,0.0979,1226423913,0.579,0.5796,0.0241,0.7895
I00699,131,2689.1508,2989.403,2615.1508,3506.0209,3514.1358,3504.0209,888.87,36,0,1385.6524,36,0,423.4015,36,0,90.5471,9.4355,0.0173,8045070,0.8111,0.8113,0.0214,0.9056
I00699,132,20230.0726,20626.0255,20156.0726,24034.6703,24045.3718,24032.6703,3876.5978,36,0,7055.4765,36,0,3329.6209,36,0,84.9177,15.0522,0.0301,641085180,0.6987,0.6989,0.0083,0.8493
I00699,133,13561.8943,13898.3581,13487.8943,16376.6123,16385.7059,16374.6123,2886.718,36,0,3909.0065,36,0,2165.1104,36,0,83.4104,16.5592,0.0305,113990976,0.6685,0.6687,0.0353,0.8343
I00699,134,13570.1615,13939.8265,13496.1615,15116.0184,15126.0093,15114.0184,1617.8569,36,0,1756.8836,36,0,987.3165,36,0,79.9345,20.0027,0.0628,207825711,0.5993,0.5997,0.0096,0.7997
I00699,135,3719.7403,4060.7756,3645.7403,4441.1053,4450.3225,4439.1053,793.365,36,0,1220.524,36,0,514.0382,36,0,87.9274,12.0426,0.03,25842752,0.7588,0.7591,0.0071,0.8794
I00699,136,1349.6782,1656.9847,1275.6782,2036.5729,2044.8785,2034.5729,758.8947,36,0,1890.1857,36,0,314.7786,36,0,96.1955,3.7942,0.0103,4876540,0.924,0.9241,0.0101,0.962
I00699,137,8890.6685,9237.006,8816.6685,10966.7352,10976.0957,10964.7352,2148.0668,36,0,2530.9104,36,0,977.7168,36,0,87.4059,12.5629,0.0312,85530816,0.7484,0.7487,0.0174,0.8742
I00699,138,15976.4523,16396.8464,15902.4523,20587.1022,20598.4642,20585.1022,4682.6499,36,0,10411.6006,36,0,3105.365,36,0,92.1659,7.818,0.0161,921750214,0.8435,0.8436,0.0039,0.9217
I00699,139,6992.3893,7302.7536,6918.3893,8188.5861,8196.9743,8186.5861,1268.1968,36,0,1372.8912,36,0,682.0825,36,0,82.0609,17.8764,0.0627,28233414,0.6418,0.6422,0.0344,0.8209
I00699,140,56733.1091,57150.8705,56659.1091,71108.6908,71119.9816,71106.6908,14447.5817,36,0,17596.9594,36,0,8046.2822,36,0,87.9076,12.061,0.0314,3774065984,0.7585,0.7587,0.0163,0.8792
I00699,141,2033.6483,2391.4448,1973.6483,2617.3289,2629.2555,2615.3289,641.6807,29,0,58129.0448,29,0,1277.8257,29,0,84.894,14.6292,0.4768,145250170,0.7026,0.706,0.0002,0.8513
I00699,142,20598.5607,20923.7143,20524.5607,25444.9337,25453.7216,25442.9337,4918.373,36,0,5098.4326,36,0,3502.9302,36,0,82.3939,17.5822,0.0238,159789192,0.6481,0.6483,0.0883,0.8241
